wavelength[nm], flux
351.00, 8.1860e-13
351.14, 8.1770e-13
351.28, 8.3890e-13
351.42, 8.4400e-13
351.56, 8.3100e-13
351.70, 8.3270e-13
351.84, 8.3740e-13
351.98, 8.3200e-13
352.12, 8.0760e-13
352.26, 7.8450e-13
352.40, 7.6290e-13
352.54, 7.6040e-13
352.68, 7.6470e-13
352.82, 7.9000e-13
352.96, 8.2580e-13
353.10, 8.1020e-13
353.24, 7.8800e-13
353.38, 8.0680e-13
353.52, 8.1960e-13
353.66, 8.2410e-13
353.80, 8.2740e-13
353.94, 8.3120e-13
354.08, 8.1310e-13
354.22, 8.4050e-13
354.36, 8.6380e-13
354.50, 8.8280e-13
354.64, 8.7110e-13
354.78, 8.1520e-13
354.92, 8.4890e-13
355.06, 8.2660e-13
355.20, 8.4890e-13
355.34, 8.6130e-13
355.48, 8.3450e-13
355.62, 8.3460e-13
355.76, 8.3160e-13
355.90, 8.5150e-13
356.04, 8.3770e-13
356.18, 8.1820e-13
356.32, 7.9770e-13
356.46, 7.8720e-13
356.60, 8.0050e-13
356.74, 8.0010e-13
356.88, 7.8860e-13
357.02, 7.6730e-13
357.16, 7.5870e-13
357.30, 7.8810e-13
357.44, 8.1420e-13
357.58, 8.2080e-13
357.72, 8.1490e-13
357.86, 8.2230e-13
358.00, 8.1550e-13
358.14, 7.9790e-13
358.28, 7.8820e-13
358.42, 7.7420e-13
358.56, 7.7700e-13
358.70, 7.8320e-13
358.84, 8.1150e-13
358.98, 8.3050e-13
359.12, 8.1580e-13
359.26, 8.2370e-13
359.40, 8.4360e-13
359.54, 8.3590e-13
359.68, 8.0880e-13
359.82, 8.0870e-13
359.96, 8.2030e-13
360.10, 8.0170e-13
360.24, 8.0120e-13
360.38, 8.0520e-13
360.52, 7.7850e-13
360.66, 7.5420e-13
360.80, 7.5040e-13
360.94, 7.6300e-13
361.08, 7.7430e-13
361.22, 8.1370e-13
361.36, 8.4740e-13
361.50, 8.2610e-13
361.64, 8.0700e-13
361.78, 8.1850e-13
361.92, 8.1860e-13
362.06, 7.9220e-13
362.20, 7.7390e-13
362.34, 7.9430e-13
362.48, 8.3380e-13
362.62, 8.6290e-13
362.76, 8.5290e-13
362.90, 8.2720e-13
363.04, 7.8010e-13
363.18, 7.6310e-13
363.32, 7.9570e-13
363.46, 8.2240e-13
363.60, 8.5000e-13
363.74, 8.2710e-13
363.88, 8.2260e-13
364.02, 8.2260e-13
364.16, 7.9610e-13
364.30, 8.0790e-13
364.44, 8.0660e-13
364.58, 8.0550e-13
364.72, 8.0960e-13
364.86, 8.1380e-13
365.00, 8.1740e-13
365.14, 8.1760e-13
365.28, 8.4380e-13
365.42, 8.6900e-13
365.56, 8.5460e-13
365.70, 8.5790e-13
365.84, 8.6390e-13
365.98, 8.5110e-13
366.12, 8.0880e-13
366.26, 8.0190e-13
366.40, 8.1620e-13
366.54, 8.0780e-13
366.68, 8.2310e-13
366.82, 8.4240e-13
366.96, 8.3960e-13
367.10, 8.4310e-13
367.24, 8.5110e-13
367.38, 8.3790e-13
367.52, 8.3150e-13
367.66, 8.3930e-13
367.80, 8.2490e-13
367.94, 7.9550e-13
368.08, 7.9130e-13
368.22, 8.0880e-13
368.36, 8.1150e-13
368.50, 8.0810e-13
368.64, 8.1900e-13
368.78, 8.2910e-13
368.92, 8.2750e-13
369.06, 8.1310e-13
369.20, 8.2620e-13
369.34, 8.7670e-13
369.48, 8.8130e-13
369.62, 8.0620e-13
369.76, 7.4940e-13
369.90, 7.6290e-13
370.04, 8.0500e-13
370.18, 8.2330e-13
370.32, 7.9800e-13
370.46, 7.7640e-13
370.60, 7.8040e-13
370.74, 7.9300e-13
370.88, 7.8430e-13
371.02, 7.6180e-13
371.16, 7.6470e-13
371.30, 8.0660e-13
371.44, 8.3550e-13
371.58, 8.5690e-13
371.72, 8.9840e-13
371.86, 8.6800e-13
372.00, 8.0630e-13
372.14, 7.6230e-13
372.28, 7.8640e-13
372.42, 8.6180e-13
372.56, 9.2320e-13
372.70, 9.7970e-13
372.84, 9.8970e-13
372.98, 9.6320e-13
373.12, 8.7850e-13
373.26, 7.6960e-13
373.40, 7.2670e-13
373.54, 7.4710e-13
373.68, 8.3430e-13
373.82, 9.4920e-13
373.96, 1.0110e-12
374.10, 1.0540e-12
374.24, 1.0890e-12
374.38, 1.0420e-12
374.52, 9.4990e-13
374.66, 8.5250e-13
374.80, 7.5930e-13
374.94, 7.0140e-13
375.08, 7.4050e-13
375.22, 8.4460e-13
375.36, 9.4690e-13
375.50, 1.0480e-12
375.64, 1.1100e-12
375.78, 1.1220e-12
375.92, 1.1350e-12
376.06, 1.1550e-12
376.20, 1.1130e-12
376.34, 1.0610e-12
376.48, 1.0340e-12
376.62, 9.7340e-13
376.76, 8.6410e-13
376.90, 7.7340e-13
377.04, 7.4540e-13
377.18, 7.7050e-13
377.32, 8.6140e-13
377.46, 1.0130e-12
377.60, 1.1290e-12
377.74, 1.2180e-12
377.88, 1.3140e-12
378.02, 1.3810e-12
378.16, 1.4100e-12
378.30, 1.3940e-12
378.44, 1.3940e-12
378.58, 1.4100e-12
378.72, 1.3550e-12
378.86, 1.2870e-12
379.00, 1.2460e-12
379.14, 1.1630e-12
379.28, 1.0580e-12
379.42, 9.4730e-13
379.56, 8.2020e-13
379.70, 7.3960e-13
379.84, 7.5720e-13
379.98, 8.5440e-13
380.12, 9.6220e-13
380.26, 1.0780e-12
380.40, 1.2010e-12
380.54, 1.3010e-12
380.68, 1.3760e-12
380.82, 1.4530e-12
380.96, 1.5400e-12
381.10, 1.5330e-12
381.24, 1.5160e-12
381.38, 1.5550e-12
381.52, 1.5960e-12
381.66, 1.5860e-12
381.80, 1.5460e-12
381.94, 1.5180e-12
382.08, 1.4990e-12
382.22, 1.4760e-12
382.36, 1.4600e-12
382.50, 1.3770e-12
382.64, 1.2770e-12
382.78, 1.2070e-12
382.92, 1.1070e-12
383.06, 9.7530e-13
383.20, 8.4270e-13
383.34, 7.5070e-13
383.48, 6.8910e-13
383.62, 7.0810e-13
383.76, 8.1230e-13
383.90, 9.3120e-13
384.04, 1.0730e-12
384.18, 1.2170e-12
384.32, 1.3040e-12
384.46, 1.3660e-12
384.60, 1.4120e-12
384.74, 1.4890e-12
384.88, 1.5620e-12
385.02, 1.6140e-12
385.16, 1.6620e-12
385.30, 1.6920e-12
385.44, 1.7270e-12
385.58, 1.7600e-12
385.72, 1.7690e-12
385.86, 1.7870e-12
386.00, 1.8320e-12
386.14, 1.8860e-12
386.28, 1.8720e-12
386.42, 1.8460e-12
386.56, 1.8690e-12
386.70, 1.8660e-12
386.84, 1.8450e-12
386.98, 1.8020e-12
387.12, 1.7170e-12
387.26, 1.6660e-12
387.40, 1.6390e-12
387.54, 1.5980e-12
387.68, 1.5270e-12
387.82, 1.4410e-12
387.96, 1.3670e-12
388.10, 1.2930e-12
388.24, 1.2110e-12
388.38, 1.0930e-12
388.52, 9.4480e-13
388.66, 8.1640e-13
388.80, 7.4020e-13
388.94, 7.5340e-13
389.08, 8.3670e-13
389.22, 9.4620e-13
389.36, 1.0580e-12
389.50, 1.1420e-12
389.64, 1.2350e-12
389.78, 1.3660e-12
389.92, 1.4590e-12
390.06, 1.5100e-12
390.20, 1.5450e-12
390.34, 1.5710e-12
390.48, 1.6090e-12
390.62, 1.6850e-12
390.76, 1.8210e-12
390.90, 1.8760e-12
391.04, 1.8400e-12
391.18, 1.8960e-12
391.32, 1.9130e-12
391.46, 1.9060e-12
391.60, 1.8710e-12
391.74, 1.8560e-12
391.88, 1.9420e-12
392.02, 1.9520e-12
392.16, 1.9630e-12
392.30, 2.0370e-12
392.44, 2.0330e-12
392.58, 1.9580e-12
392.72, 1.9430e-12
392.86, 1.8630e-12
393.00, 1.6900e-12
393.14, 1.5050e-12
393.28, 1.4070e-12
393.42, 1.5340e-12
393.56, 1.7300e-12
393.70, 1.8620e-12
393.84, 1.9450e-12
393.98, 1.9320e-12
394.12, 1.9020e-12
394.26, 1.8630e-12
394.40, 1.8600e-12
394.54, 1.8600e-12
394.68, 1.8100e-12
394.82, 1.7890e-12
394.96, 1.7840e-12
395.10, 1.7630e-12
395.24, 1.7150e-12
395.38, 1.6820e-12
395.52, 1.6590e-12
395.66, 1.5540e-12
395.80, 1.4900e-12
395.94, 1.4170e-12
396.08, 1.3010e-12
396.22, 1.1960e-12
396.36, 1.1060e-12
396.50, 9.8500e-13
396.64, 8.1990e-13
396.78, 6.8950e-13
396.92, 6.7720e-13
397.06, 7.4990e-13
397.20, 8.6030e-13
397.34, 9.9840e-13
397.48, 1.1150e-12
397.62, 1.1870e-12
397.76, 1.2820e-12
397.90, 1.3900e-12
398.04, 1.4590e-12
398.18, 1.4940e-12
398.32, 1.5380e-12
398.46, 1.6010e-12
398.60, 1.6710e-12
398.74, 1.7400e-12
398.88, 1.7780e-12
399.02, 1.8090e-12
399.16, 1.8440e-12
399.30, 1.8590e-12
399.44, 1.8630e-12
399.58, 1.8900e-12
399.72, 1.9180e-12
399.86, 1.9150e-12
400.00, 1.9220e-12
400.14, 1.9410e-12
400.28, 1.9450e-12
400.42, 1.9160e-12
400.56, 1.9920e-12
400.70, 2.0780e-12
400.84, 2.0510e-12
400.98, 1.9960e-12
401.12, 2.0080e-12
401.26, 2.0190e-12
401.40, 2.0450e-12
401.54, 2.0780e-12
401.68, 2.0850e-12
401.82, 2.0640e-12
401.96, 2.0790e-12
402.10, 2.1120e-12
402.24, 2.0580e-12
402.38, 2.0570e-12
402.52, 2.0480e-12
402.66, 2.0130e-12
402.80, 2.0190e-12
402.94, 2.0100e-12
403.08, 1.9790e-12
403.22, 1.9730e-12
403.36, 2.0170e-12
403.50, 2.0660e-12
403.64, 2.0860e-12
403.78, 2.1040e-12
403.92, 2.1130e-12
404.06, 2.0220e-12
404.20, 1.9900e-12
404.34, 1.9900e-12
404.48, 1.9980e-12
404.62, 2.0230e-12
404.76, 2.0190e-12
404.90, 2.0520e-12
405.04, 2.0770e-12
405.18, 2.0340e-12
405.32, 2.0110e-12
405.46, 1.9430e-12
405.60, 1.9140e-12
405.74, 2.0010e-12
405.88, 2.0440e-12
406.02, 2.0120e-12
406.16, 1.9330e-12
406.30, 1.8590e-12
406.44, 1.8970e-12
406.58, 1.9180e-12
406.72, 1.8590e-12
406.86, 1.8260e-12
407.00, 1.8240e-12
407.14, 1.8410e-12
407.28, 1.7940e-12
407.42, 1.6810e-12
407.56, 1.6410e-12
407.70, 1.6620e-12
407.84, 1.6630e-12
407.98, 1.6560e-12
408.12, 1.6440e-12
408.26, 1.6320e-12
408.40, 1.6010e-12
408.54, 1.5410e-12
408.68, 1.5140e-12
408.82, 1.5040e-12
408.96, 1.4340e-12
409.10, 1.3220e-12
409.24, 1.2590e-12
409.38, 1.2070e-12
409.52, 1.1270e-12
409.66, 9.8070e-13
409.80, 8.3810e-13
409.94, 7.3180e-13
410.08, 6.8650e-13
410.22, 7.2400e-13
410.36, 7.9450e-13
410.50, 9.0420e-13
410.64, 1.0180e-12
410.78, 1.1080e-12
410.92, 1.2160e-12
411.06, 1.2600e-12
411.20, 1.3190e-12
411.34, 1.4220e-12
411.48, 1.4600e-12
411.62, 1.4840e-12
411.76, 1.5400e-12
411.90, 1.6000e-12
412.04, 1.6270e-12
412.18, 1.6120e-12
412.32, 1.6390e-12
412.46, 1.6810e-12
412.60, 1.6490e-12
412.74, 1.6550e-12
412.88, 1.6860e-12
413.02, 1.7110e-12
413.16, 1.7350e-12
413.30, 1.7720e-12
413.44, 1.8160e-12
413.58, 1.8410e-12
413.72, 1.8200e-12
413.86, 1.8780e-12
414.00, 1.9150e-12
414.14, 1.8580e-12
414.28, 1.8020e-12
414.42, 1.8110e-12
414.56, 1.8630e-12
414.70, 1.8960e-12
414.84, 1.8790e-12
414.98, 1.9040e-12
415.12, 1.9140e-12
415.26, 1.8900e-12
415.40, 1.8920e-12
415.54, 1.8430e-12
415.68, 1.8110e-12
415.82, 1.8350e-12
415.96, 1.8510e-12
416.10, 1.8710e-12
416.24, 1.8930e-12
416.38, 1.8880e-12
416.52, 1.8880e-12
416.66, 1.9020e-12
416.80, 1.8930e-12
416.94, 1.8400e-12
417.08, 1.7870e-12
417.22, 1.8050e-12
417.36, 1.8320e-12
417.50, 1.8150e-12
417.64, 1.7980e-12
417.78, 1.7910e-12
417.92, 1.8140e-12
418.06, 1.8300e-12
418.20, 1.8020e-12
418.34, 1.8050e-12
418.48, 1.8510e-12
418.62, 1.8450e-12
418.76, 1.7800e-12
418.90, 1.8190e-12
419.04, 1.8840e-12
419.18, 1.9170e-12
419.32, 1.9050e-12
419.46, 1.8710e-12
419.60, 1.8340e-12
419.74, 1.7930e-12
419.88, 1.7950e-12
420.02, 1.7710e-12
420.16, 1.7760e-12
420.30, 1.8120e-12
420.44, 1.8160e-12
420.58, 1.8510e-12
420.72, 1.9060e-12
420.86, 1.9170e-12
421.00, 1.8990e-12
421.14, 1.8760e-12
421.28, 1.8610e-12
421.42, 1.8420e-12
421.56, 1.8110e-12
421.70, 1.7850e-12
421.84, 1.7960e-12
421.98, 1.8150e-12
422.12, 1.8040e-12
422.26, 1.7650e-12
422.40, 1.7750e-12
422.54, 1.7720e-12
422.68, 1.7400e-12
422.82, 1.7720e-12
422.96, 1.8070e-12
423.10, 1.8070e-12
423.24, 1.7850e-12
423.38, 1.7730e-12
423.52, 1.7810e-12
423.66, 1.8120e-12
423.80, 1.8240e-12
423.94, 1.8270e-12
424.08, 1.8270e-12
424.22, 1.8420e-12
424.36, 1.8480e-12
424.50, 1.7930e-12
424.64, 1.7450e-12
424.78, 1.7320e-12
424.92, 1.7140e-12
425.06, 1.7200e-12
425.20, 1.7520e-12
425.34, 1.7690e-12
425.48, 1.7650e-12
425.62, 1.7630e-12
425.76, 1.7720e-12
425.90, 1.7640e-12
426.04, 1.7240e-12
426.18, 1.7140e-12
426.32, 1.7610e-12
426.46, 1.8030e-12
426.60, 1.8140e-12
426.74, 1.8000e-12
426.88, 1.7710e-12
427.02, 1.7280e-12
427.16, 1.6820e-12
427.30, 1.6760e-12
427.44, 1.6820e-12
427.58, 1.7160e-12
427.72, 1.7720e-12
427.86, 1.7860e-12
428.00, 1.7830e-12
428.14, 1.7550e-12
428.28, 1.7130e-12
428.42, 1.7170e-12
428.56, 1.7240e-12
428.70, 1.7080e-12
428.84, 1.6960e-12
428.98, 1.6810e-12
429.12, 1.6790e-12
429.26, 1.6910e-12
429.40, 1.6830e-12
429.54, 1.6820e-12
429.68, 1.6340e-12
429.82, 1.5790e-12
429.96, 1.5810e-12
430.10, 1.5840e-12
430.24, 1.5780e-12
430.38, 1.6010e-12
430.52, 1.5960e-12
430.66, 1.5650e-12
430.80, 1.5590e-12
430.94, 1.5840e-12
431.08, 1.6130e-12
431.22, 1.5950e-12
431.36, 1.5190e-12
431.50, 1.4990e-12
431.64, 1.4980e-12
431.78, 1.5070e-12
431.92, 1.5040e-12
432.06, 1.4590e-12
432.20, 1.4210e-12
432.34, 1.3970e-12
432.48, 1.3970e-12
432.62, 1.3280e-12
432.76, 1.2870e-12
432.90, 1.2800e-12
433.04, 1.2180e-12
433.18, 1.1520e-12
433.32, 1.0840e-12
433.46, 9.9170e-13
433.60, 8.8770e-13
433.74, 7.7170e-13
433.88, 6.8000e-13
434.02, 6.3860e-13
434.16, 6.5490e-13
434.30, 7.3990e-13
434.44, 8.4470e-13
434.58, 9.2260e-13
434.72, 9.9400e-13
434.86, 1.0530e-12
435.00, 1.0940e-12
435.14, 1.1200e-12
435.28, 1.1750e-12
435.42, 1.2840e-12
435.56, 1.3550e-12
435.70, 1.3580e-12
435.84, 1.3670e-12
435.98, 1.3980e-12
436.12, 1.4370e-12
436.26, 1.4720e-12
436.40, 1.5040e-12
436.54, 1.5490e-12
436.68, 1.5770e-12
436.82, 1.5760e-12
436.96, 1.5700e-12
437.10, 1.5810e-12
437.24, 1.6060e-12
437.38, 1.5750e-12
437.52, 1.5560e-12
437.66, 1.6170e-12
437.80, 1.6420e-12
437.94, 1.6760e-12
438.08, 1.6630e-12
438.22, 1.5710e-12
438.36, 1.5550e-12
438.50, 1.5970e-12
438.64, 1.6150e-12
438.78, 1.6290e-12
438.92, 1.6290e-12
439.06, 1.6300e-12
439.20, 1.6640e-12
439.34, 1.6630e-12
439.48, 1.6350e-12
439.62, 1.6280e-12
439.76, 1.6590e-12
439.90, 1.6770e-12
440.04, 1.6240e-12
440.18, 1.5990e-12
440.32, 1.6120e-12
440.46, 1.6190e-12
440.60, 1.6040e-12
440.74, 1.6110e-12
440.88, 1.6890e-12
441.02, 1.7050e-12
441.16, 1.7020e-12
441.30, 1.7000e-12
441.44, 1.6130e-12
441.58, 1.5880e-12
441.72, 1.6160e-12
441.86, 1.6590e-12
442.00, 1.7250e-12
442.14, 1.6960e-12
442.28, 1.6820e-12
442.42, 1.7030e-12
442.56, 1.6930e-12
442.70, 1.6920e-12
442.84, 1.6980e-12
442.98, 1.6560e-12
443.12, 1.6060e-12
443.26, 1.5830e-12
443.40, 1.6150e-12
443.54, 1.6790e-12
443.68, 1.7010e-12
443.82, 1.6880e-12
443.96, 1.6560e-12
444.10, 1.6450e-12
444.24, 1.6220e-12
444.38, 1.6000e-12
444.52, 1.6300e-12
444.66, 1.6310e-12
444.80, 1.6190e-12
444.94, 1.6460e-12
445.08, 1.6620e-12
445.22, 1.6370e-12
445.36, 1.5940e-12
445.50, 1.6190e-12
445.64, 1.6300e-12
445.78, 1.5530e-12
445.92, 1.5630e-12
446.06, 1.6100e-12
446.20, 1.5980e-12
446.34, 1.6040e-12
446.48, 1.5840e-12
446.62, 1.5560e-12
446.76, 1.5360e-12
446.90, 1.5180e-12
447.04, 1.5620e-12
447.18, 1.6120e-12
447.32, 1.6160e-12
447.46, 1.5970e-12
447.60, 1.5950e-12
447.74, 1.5930e-12
447.88, 1.5600e-12
448.02, 1.5070e-12
448.16, 1.5130e-12
448.30, 1.5730e-12
448.44, 1.6290e-12
448.58, 1.6200e-12
448.72, 1.5680e-12
448.86, 1.5750e-12
449.00, 1.5880e-12
449.14, 1.5920e-12
449.28, 1.5980e-12
449.42, 1.6050e-12
449.56, 1.6190e-12
449.70, 1.6190e-12
449.84, 1.5810e-12
449.98, 1.5670e-12
450.12, 1.5930e-12
450.26, 1.6320e-12
450.40, 1.6100e-12
450.54, 1.5960e-12
450.68, 1.6250e-12
450.82, 1.6410e-12
450.96, 1.6280e-12
451.10, 1.6060e-12
451.24, 1.5610e-12
451.38, 1.5520e-12
451.52, 1.5830e-12
451.66, 1.5810e-12
451.80, 1.5490e-12
451.94, 1.5310e-12
452.08, 1.5340e-12
452.22, 1.5140e-12
452.36, 1.5000e-12
452.50, 1.5160e-12
452.64, 1.5210e-12
452.78, 1.5180e-12
452.92, 1.5090e-12
453.06, 1.5050e-12
453.20, 1.4830e-12
453.34, 1.5010e-12
453.48, 1.5480e-12
453.62, 1.5570e-12
453.76, 1.5810e-12
453.90, 1.5690e-12
454.04, 1.5230e-12
454.18, 1.5340e-12
454.32, 1.5520e-12
454.46, 1.5150e-12
454.60, 1.4850e-12
454.74, 1.4550e-12
454.88, 1.4460e-12
455.02, 1.4830e-12
455.16, 1.4880e-12
455.30, 1.4730e-12
455.44, 1.4910e-12
455.58, 1.5100e-12
455.72, 1.5080e-12
455.86, 1.5630e-12
456.00, 1.6080e-12
456.14, 1.5340e-12
456.28, 1.5200e-12
456.42, 1.5520e-12
456.56, 1.5260e-12
456.70, 1.4870e-12
456.84, 1.4840e-12
456.98, 1.4740e-12
457.12, 1.4630e-12
457.26, 1.4680e-12
457.40, 1.4970e-12
457.54, 1.5070e-12
457.68, 1.5080e-12
457.82, 1.4930e-12
457.96, 1.4730e-12
458.10, 1.4700e-12
458.24, 1.4500e-12
458.38, 1.4390e-12
458.52, 1.4650e-12
458.66, 1.4850e-12
458.80, 1.4860e-12
458.94, 1.4790e-12
459.08, 1.5160e-12
459.22, 1.5410e-12
459.36, 1.4780e-12
459.50, 1.4450e-12
459.64, 1.4550e-12
459.78, 1.4650e-12
459.92, 1.4660e-12
460.06, 1.4680e-12
460.20, 1.4930e-12
460.34, 1.4650e-12
460.48, 1.4510e-12
460.62, 1.4450e-12
460.76, 1.4710e-12
460.90, 1.4660e-12
461.04, 1.4230e-12
461.18, 1.4220e-12
461.32, 1.4830e-12
461.46, 1.4930e-12
461.60, 1.4340e-12
461.74, 1.3920e-12
461.88, 1.4260e-12
462.02, 1.4710e-12
462.16, 1.5040e-12
462.30, 1.4700e-12
462.44, 1.4400e-12
462.58, 1.4720e-12
462.72, 1.4330e-12
462.86, 1.4460e-12
463.00, 1.4530e-12
463.14, 1.4320e-12
463.28, 1.4650e-12
463.42, 1.4630e-12
463.56, 1.4350e-12
463.70, 1.4190e-12
463.84, 1.4330e-12
463.98, 1.4670e-12
464.12, 1.4790e-12
464.26, 1.4890e-12
464.40, 1.4560e-12
464.54, 1.4290e-12
464.68, 1.4580e-12
464.82, 1.4520e-12
464.96, 1.4530e-12
465.10, 1.4750e-12
465.24, 1.4520e-12
465.38, 1.4540e-12
465.52, 1.4920e-12
465.66, 1.4770e-12
465.80, 1.4180e-12
465.94, 1.4250e-12
466.08, 1.4980e-12
466.22, 1.4740e-12
466.36, 1.3820e-12
466.50, 1.3630e-12
466.64, 1.4320e-12
466.78, 1.4740e-12
466.92, 1.4180e-12
467.06, 1.4260e-12
467.20, 1.4300e-12
467.34, 1.4000e-12
467.48, 1.4220e-12
467.62, 1.4010e-12
467.76, 1.4010e-12
467.90, 1.3980e-12
468.04, 1.4260e-12
468.18, 1.4870e-12
468.32, 1.4750e-12
468.46, 1.4810e-12
468.60, 1.4630e-12
468.74, 1.4500e-12
468.88, 1.4640e-12
469.02, 1.4360e-12
469.16, 1.3960e-12
469.30, 1.3910e-12
469.44, 1.4020e-12
469.58, 1.4150e-12
469.72, 1.4180e-12
469.86, 1.4050e-12
470.00, 1.3680e-12
470.14, 1.3800e-12
470.28, 1.4440e-12
470.42, 1.4480e-12
470.56, 1.4140e-12
470.70, 1.3960e-12
470.84, 1.3950e-12
470.98, 1.4130e-12
471.12, 1.4130e-12
471.26, 1.4130e-12
471.40, 1.3950e-12
471.54, 1.3840e-12
471.68, 1.3640e-12
471.82, 1.3190e-12
471.96, 1.3440e-12
472.10, 1.3540e-12
472.24, 1.3670e-12
472.38, 1.3980e-12
472.52, 1.3910e-12
472.66, 1.3860e-12
472.80, 1.3660e-12
472.94, 1.3660e-12
473.08, 1.3860e-12
473.22, 1.3740e-12
473.36, 1.3600e-12
473.50, 1.3410e-12
473.64, 1.3290e-12
473.78, 1.3570e-12
473.92, 1.3700e-12
474.06, 1.3540e-12
474.20, 1.3430e-12
474.34, 1.3370e-12
474.48, 1.3410e-12
474.62, 1.3520e-12
474.76, 1.3460e-12
474.90, 1.3370e-12
475.04, 1.3490e-12
475.18, 1.3550e-12
475.32, 1.3390e-12
475.46, 1.3410e-12
475.60, 1.3150e-12
475.74, 1.3110e-12
475.88, 1.3250e-12
476.02, 1.2990e-12
476.16, 1.3010e-12
476.30, 1.3260e-12
476.44, 1.3340e-12
476.58, 1.3250e-12
476.72, 1.3140e-12
476.86, 1.3230e-12
477.00, 1.3230e-12
477.14, 1.3200e-12
477.28, 1.3130e-12
477.42, 1.3160e-12
477.56, 1.3300e-12
477.70, 1.3430e-12
477.84, 1.3320e-12
477.98, 1.3200e-12
478.12, 1.3140e-12
478.26, 1.2990e-12
478.40, 1.2920e-12
478.54, 1.2790e-12
478.68, 1.2840e-12
478.82, 1.2910e-12
478.96, 1.3060e-12
479.10, 1.3070e-12
479.24, 1.2980e-12
479.38, 1.2980e-12
479.52, 1.2700e-12
479.66, 1.3090e-12
479.80, 1.3010e-12
479.94, 1.2650e-12
480.08, 1.2730e-12
480.22, 1.2670e-12
480.36, 1.2730e-12
480.50, 1.2730e-12
480.64, 1.2440e-12
480.78, 1.2230e-12
480.92, 1.2100e-12
481.06, 1.2060e-12
481.20, 1.2140e-12
481.34, 1.2050e-12
481.48, 1.2080e-12
481.62, 1.2350e-12
481.76, 1.2470e-12
481.90, 1.2350e-12
482.04, 1.2160e-12
482.18, 1.2180e-12
482.32, 1.1990e-12
482.46, 1.1840e-12
482.60, 1.1860e-12
482.74, 1.1600e-12
482.88, 1.1410e-12
483.02, 1.1530e-12
483.16, 1.1710e-12
483.30, 1.1830e-12
483.44, 1.1510e-12
483.58, 1.1130e-12
483.72, 1.1010e-12
483.86, 1.0810e-12
484.00, 1.0610e-12
484.14, 1.0280e-12
484.28, 1.0130e-12
484.42, 9.7960e-13
484.56, 9.4810e-13
484.70, 9.2490e-13
484.84, 9.0800e-13
484.98, 8.9130e-13
485.12, 8.3920e-13
485.26, 7.8250e-13
485.40, 7.3530e-13
485.54, 6.7830e-13
485.68, 6.1600e-13
485.82, 5.6120e-13
485.96, 5.3300e-13
486.10, 5.6560e-13
486.24, 6.3580e-13
486.38, 7.0560e-13
486.52, 7.5750e-13
486.66, 7.9540e-13
486.80, 8.2810e-13
486.94, 8.5780e-13
487.08, 9.0090e-13
487.22, 9.3570e-13
487.36, 9.5190e-13
487.50, 9.5230e-13
487.64, 9.4710e-13
487.78, 9.9980e-13
487.92, 1.0580e-12
488.06, 1.0800e-12
488.20, 1.0780e-12
488.34, 1.0610e-12
488.48, 1.0650e-12
488.62, 1.0700e-12
488.76, 1.0990e-12
488.90, 1.1160e-12
489.04, 1.1500e-12
489.18, 1.1830e-12
489.32, 1.1990e-12
489.46, 1.1820e-12
489.60, 1.1590e-12
489.74, 1.1730e-12
489.88, 1.1820e-12
490.02, 1.1830e-12
490.16, 1.1860e-12
490.30, 1.1990e-12
490.44, 1.2030e-12
490.58, 1.1870e-12
490.72, 1.1690e-12
490.86, 1.1560e-12
491.00, 1.1350e-12
491.14, 1.1310e-12
491.28, 1.1560e-12
491.42, 1.1670e-12
491.56, 1.1630e-12
491.70, 1.1580e-12
491.84, 1.1520e-12
491.98, 1.1300e-12
492.12, 1.1150e-12
492.26, 1.1220e-12
492.40, 1.1490e-12
492.54, 1.1740e-12
492.68, 1.1890e-12
492.82, 1.2010e-12
492.96, 1.1940e-12
493.10, 1.1860e-12
493.24, 1.1800e-12
493.38, 1.1780e-12
493.52, 1.1910e-12
493.66, 1.1950e-12
493.80, 1.1990e-12
493.94, 1.2020e-12
494.08, 1.2030e-12
494.22, 1.2160e-12
494.36, 1.2160e-12
494.50, 1.2150e-12
494.64, 1.2090e-12
494.78, 1.1890e-12
494.92, 1.1950e-12
495.06, 1.1890e-12
495.20, 1.1760e-12
495.34, 1.1600e-12
495.48, 1.1490e-12
495.62, 1.1470e-12
495.76, 1.1580e-12
495.90, 1.1700e-12
496.04, 1.1690e-12
496.18, 1.1790e-12
496.32, 1.1870e-12
496.46, 1.1810e-12
496.60, 1.1810e-12
496.74, 1.1730e-12
496.88, 1.1740e-12
497.02, 1.1660e-12
497.16, 1.1700e-12
497.30, 1.1720e-12
497.44, 1.1680e-12
497.58, 1.1760e-12
497.72, 1.1930e-12
497.86, 1.1920e-12
498.00, 1.1630e-12
498.14, 1.1320e-12
498.28, 1.1310e-12
498.42, 1.1420e-12
498.56, 1.1480e-12
498.70, 1.1580e-12
498.84, 1.1770e-12
498.98, 1.1800e-12
499.12, 1.1640e-12
499.26, 1.1670e-12
499.40, 1.1730e-12
499.54, 1.1640e-12
499.68, 1.1600e-12
499.82, 1.1630e-12
499.96, 1.1650e-12
500.10, 1.1480e-12
500.24, 1.1090e-12
500.38, 1.0720e-12
500.52, 1.0800e-12
500.66, 1.1130e-12
500.80, 1.1400e-12
500.94, 1.1440e-12
501.08, 1.1250e-12
501.22, 1.1030e-12
501.36, 1.1080e-12
501.50, 1.1040e-12
501.64, 1.0750e-12
501.78, 1.0610e-12
501.92, 1.0860e-12
502.06, 1.1270e-12
502.20, 1.1160e-12
502.34, 1.1320e-12
502.48, 1.1260e-12
502.62, 1.1290e-12
502.76, 1.1300e-12
502.90, 1.1280e-12
503.04, 1.1430e-12
503.18, 1.1230e-12
503.32, 1.1330e-12
503.46, 1.1330e-12
503.60, 1.1270e-12
503.74, 1.1370e-12
503.88, 1.1250e-12
504.02, 1.0990e-12
504.16, 1.0980e-12
504.30, 1.1240e-12
504.44, 1.1460e-12
504.58, 1.1440e-12
504.72, 1.1140e-12
504.86, 1.1020e-12
505.00, 1.1200e-12
505.14, 1.1280e-12
505.28, 1.1150e-12
505.42, 1.0980e-12
505.56, 1.0900e-12
505.70, 1.0970e-12
505.84, 1.1140e-12
505.98, 1.1240e-12
506.12, 1.1160e-12
506.26, 1.0940e-12
506.40, 1.0790e-12
506.54, 1.0850e-12
506.68, 1.1040e-12
506.82, 1.1200e-12
506.96, 1.1150e-12
507.10, 1.1060e-12
507.24, 1.0990e-12
507.38, 1.0960e-12
507.52, 1.1180e-12
507.66, 1.1130e-12
507.80, 1.0930e-12
507.94, 1.0690e-12
508.08, 1.0560e-12
508.22, 1.0850e-12
508.36, 1.0740e-12
508.50, 1.0740e-12
508.64, 1.0830e-12
508.78, 1.1030e-12
508.92, 1.1120e-12
509.06, 1.0910e-12
509.20, 1.1060e-12
509.34, 1.1020e-12
509.48, 1.0980e-12
509.62, 1.0790e-12
509.76, 1.0610e-12
509.90, 1.0490e-12
510.04, 1.0540e-12
510.18, 1.0770e-12
510.32, 1.0910e-12
510.46, 1.0790e-12
510.60, 1.0760e-12
510.74, 1.0640e-12
510.88, 1.0650e-12
511.02, 1.0770e-12
511.16, 1.0940e-12
511.30, 1.1110e-12
511.44, 1.1090e-12
511.58, 1.1070e-12
511.72, 1.1110e-12
511.86, 1.1080e-12
512.00, 1.0880e-12
512.14, 1.0790e-12
512.28, 1.0790e-12
512.42, 1.0640e-12
512.56, 1.0490e-12
512.70, 1.0380e-12
512.84, 1.0450e-12
512.98, 1.0740e-12
513.12, 1.0850e-12
513.26, 1.0700e-12
513.40, 1.0730e-12
513.54, 1.0720e-12
513.68, 1.0590e-12
513.82, 1.0310e-12
513.96, 1.0380e-12
514.10, 1.0640e-12
514.24, 1.0670e-12
514.38, 1.0480e-12
514.52, 1.0670e-12
514.66, 1.0580e-12
514.80, 1.0520e-12
514.94, 1.0570e-12
515.08, 1.0640e-12
515.22, 1.0300e-12
515.36, 1.0090e-12
515.50, 1.0240e-12
515.64, 1.0330e-12
515.78, 1.0380e-12
515.92, 1.0370e-12
516.06, 1.0260e-12
516.20, 1.0220e-12
516.34, 1.0140e-12
516.48, 9.8780e-13
516.62, 9.5160e-13
516.76, 9.4870e-13
516.90, 9.6360e-13
517.04, 9.7470e-13
517.18, 9.8790e-13
517.32, 1.0240e-12
517.46, 1.0350e-12
517.60, 1.0460e-12
517.74, 1.0560e-12
517.88, 1.0460e-12
518.02, 1.0200e-12
518.16, 9.8840e-13
518.30, 9.7570e-13
518.44, 9.8130e-13
518.58, 9.9380e-13
518.72, 1.0030e-12
518.86, 9.9500e-13
519.00, 9.9140e-13
519.14, 1.0000e-12
519.28, 9.9870e-13
519.42, 9.9500e-13
519.56, 9.9130e-13
519.70, 9.9050e-13
519.84, 9.9880e-13
519.98, 9.9600e-13
520.12, 9.9020e-13
520.26, 9.7800e-13
520.40, 9.6260e-13
520.54, 9.7590e-13
520.68, 9.8540e-13
520.82, 1.0010e-12
520.96, 1.0060e-12
521.10, 1.0170e-12
521.24, 1.0050e-12
521.38, 9.8870e-13
521.52, 9.7670e-13
521.66, 1.0080e-12
521.80, 1.0020e-12
521.94, 1.0070e-12
522.08, 1.0050e-12
522.22, 9.9200e-13
522.36, 9.7740e-13
522.50, 9.5370e-13
522.64, 9.5460e-13
522.78, 9.5820e-13
522.92, 9.5440e-13
523.06, 9.5860e-13
523.20, 9.5570e-13
523.34, 9.6180e-13
523.48, 9.7670e-13
523.62, 1.0020e-12
523.76, 9.9720e-13
523.90, 9.8390e-13
524.04, 9.8050e-13
524.18, 9.8110e-13
524.32, 9.9590e-13
524.46, 9.9970e-13
524.60, 9.9570e-13
524.74, 9.9850e-13
524.88, 9.9310e-13
525.02, 9.8050e-13
525.16, 9.8120e-13
525.30, 9.8800e-13
525.44, 9.8190e-13
525.58, 9.8140e-13
525.72, 9.8260e-13
525.86, 9.7970e-13
526.00, 9.7190e-13
526.14, 9.5890e-13
526.28, 9.4970e-13
526.42, 9.3370e-13
526.56, 8.9520e-13
526.70, 8.9880e-13
526.84, 9.0150e-13
526.98, 9.0470e-13
527.12, 9.0240e-13
527.26, 9.0490e-13
527.40, 9.0540e-13
527.54, 9.1410e-13
527.68, 9.2500e-13
527.82, 9.4000e-13
527.96, 9.3480e-13
528.10, 9.3740e-13
528.24, 9.4590e-13
528.38, 9.5800e-13
528.52, 9.5660e-13
528.66, 9.5970e-13
528.80, 9.6840e-13
528.94, 9.7490e-13
529.08, 9.7620e-13
529.22, 9.6870e-13
529.36, 9.6960e-13
529.50, 9.7650e-13
529.64, 9.8240e-13
529.78, 9.8530e-13
529.92, 9.8620e-13
530.06, 9.7970e-13
530.20, 9.6880e-13
530.34, 9.6260e-13
530.48, 9.5840e-13
530.62, 9.5140e-13
530.76, 9.4200e-13
530.90, 9.3490e-13
531.04, 9.3400e-13
531.18, 9.2880e-13
531.32, 9.1630e-13
531.46, 9.1570e-13
531.60, 9.2940e-13
531.74, 9.3790e-13
531.88, 9.3960e-13
532.02, 9.4520e-13
532.16, 9.4420e-13
532.30, 9.3410e-13
532.44, 9.2990e-13
532.58, 9.1690e-13
532.72, 9.0750e-13
532.86, 9.1280e-13
533.00, 9.4820e-13
533.14, 9.4570e-13
533.28, 9.3780e-13
533.42, 9.3130e-13
533.56, 9.2370e-13
533.70, 9.3660e-13
533.84, 9.4680e-13
533.98, 9.5450e-13
534.12, 9.5180e-13
534.26, 9.4750e-13
534.40, 9.4460e-13
534.54, 9.4190e-13
534.68, 9.4330e-13
534.82, 9.5240e-13
534.96, 9.4240e-13
535.10, 9.3530e-13
535.24, 9.4300e-13
535.38, 9.6020e-13
535.52, 9.5880e-13
535.66, 9.4580e-13
535.80, 9.2580e-13
535.94, 9.1640e-13
536.08, 9.0970e-13
536.22, 9.0590e-13
536.36, 9.0850e-13
536.50, 9.0110e-13
536.64, 9.1150e-13
536.78, 9.1620e-13
536.92, 9.0740e-13
537.06, 9.1020e-13
537.20, 9.0720e-13
537.34, 9.1680e-13
537.48, 9.3510e-13
537.62, 9.3680e-13
537.76, 9.3520e-13
537.90, 9.2950e-13
538.04, 9.2240e-13
538.18, 9.2120e-13
538.32, 9.1490e-13
538.46, 9.1430e-13
538.60, 9.3090e-13
538.74, 9.1770e-13
538.88, 9.0320e-13
539.02, 8.9860e-13
539.16, 9.0930e-13
539.30, 9.0940e-13
539.44, 9.0820e-13
539.58, 9.0160e-13
539.72, 8.9900e-13
539.86, 9.0910e-13
540.00, 9.0180e-13
540.14, 8.8780e-13
540.28, 8.8490e-13
540.42, 9.0050e-13
540.56, 9.0350e-13
540.70, 8.9880e-13
540.84, 8.9360e-13
540.98, 8.8980e-13
541.12, 8.9210e-13
541.26, 8.9740e-13
541.40, 8.8550e-13
541.54, 8.9080e-13
541.68, 8.9550e-13
541.82, 8.9850e-13
541.96, 9.0540e-13
542.10, 8.8910e-13
542.24, 8.8680e-13
542.38, 8.9730e-13
542.52, 9.0130e-13
542.66, 9.0850e-13
542.80, 9.0210e-13
542.94, 8.8910e-13
543.08, 8.8440e-13
543.22, 8.7580e-13
543.36, 8.8320e-13
543.50, 8.9410e-13
543.64, 8.9120e-13
543.78, 8.9010e-13
543.92, 9.0170e-13
544.06, 9.0800e-13
544.20, 8.9770e-13
544.34, 8.8450e-13
544.48, 8.7130e-13
544.62, 8.6490e-13
544.76, 8.6090e-13
544.90, 8.7610e-13
545.04, 8.9380e-13
545.18, 8.8480e-13
545.32, 8.6970e-13
545.46, 8.6880e-13
545.60, 8.7490e-13
545.74, 8.8600e-13
545.88, 8.8250e-13
546.02, 8.7780e-13
546.16, 8.8270e-13
546.30, 8.8290e-13
546.44, 8.7830e-13
546.58, 8.7070e-13
546.72, 8.5170e-13
546.86, 8.5110e-13
547.00, 8.4780e-13
547.14, 8.4280e-13
547.28, 8.3970e-13
547.42, 8.3420e-13
547.56, 8.3450e-13
547.70, 8.4500e-13
547.84, 8.5540e-13
547.98, 8.5740e-13
548.12, 8.5670e-13
548.26, 8.6840e-13
548.40, 8.7350e-13
548.54, 8.6020e-13
548.68, 8.5460e-13
548.82, 8.5680e-13
548.96, 8.5660e-13
549.10, 8.5470e-13
549.24, 8.5060e-13
549.38, 8.4890e-13
549.52, 8.4870e-13
549.66, 8.5550e-13
549.80, 8.5740e-13
549.94, 8.5820e-13
550.08, 8.6410e-13
550.22, 8.7080e-13
550.36, 8.7150e-13
550.50, 8.5600e-13
550.64, 8.4260e-13
550.78, 8.3610e-13
550.92, 8.3440e-13
551.06, 8.3760e-13
551.20, 8.4060e-13
551.34, 8.5310e-13
551.48, 8.5760e-13
551.62, 8.5320e-13
551.76, 8.6000e-13
551.90, 8.6830e-13
552.04, 8.6000e-13
552.18, 8.5260e-13
552.32, 8.4330e-13
552.46, 8.4870e-13
552.60, 8.4110e-13
552.74, 8.3470e-13
552.88, 8.2770e-13
553.02, 8.3290e-13
553.16, 8.3600e-13
553.30, 8.3140e-13
553.44, 8.2080e-13
553.58, 8.3940e-13
553.72, 8.4210e-13
553.86, 8.4000e-13
554.00, 8.3850e-13
554.14, 8.4440e-13
554.28, 8.4220e-13
554.42, 8.4030e-13
554.56, 8.4030e-13
554.70, 8.4360e-13
554.84, 8.5110e-13
554.98, 8.6040e-13
555.12, 8.7140e-13
555.26, 8.6380e-13
555.40, 8.4160e-13
555.54, 8.2470e-13
555.68, 8.1640e-13
555.82, 8.1980e-13
555.96, 8.2430e-13
556.10, 8.2270e-13
556.24, 8.2430e-13
556.38, 8.2540e-13
556.52, 8.1950e-13
556.66, 8.1210e-13
556.80, 8.1050e-13
556.94, 8.1950e-13
557.08, 8.2890e-13
557.22, 8.2430e-13
557.36, 8.1820e-13
557.50, 8.2230e-13
557.64, 8.3030e-13
557.78, 8.4110e-13
557.92, 8.4690e-13
558.06, 8.4590e-13
558.20, 8.3920e-13
558.34, 8.2210e-13
558.48, 8.0750e-13
558.62, 7.9340e-13
558.76, 7.8790e-13
558.90, 8.0530e-13
559.04, 8.0960e-13
559.18, 8.0440e-13
559.32, 7.9740e-13
559.46, 7.9480e-13
559.60, 8.0500e-13
559.74, 8.0210e-13
559.88, 7.9440e-13
560.02, 7.9040e-13
560.16, 7.9340e-13
560.30, 8.0110e-13
560.44, 8.1810e-13
560.58, 8.2330e-13
560.72, 8.3120e-13
560.86, 8.1790e-13
561.00, 8.0970e-13
561.14, 8.1430e-13
561.28, 8.1350e-13
561.42, 7.9550e-13
561.56, 7.8940e-13
561.70, 7.9060e-13
561.84, 7.9490e-13
561.98, 8.0240e-13
562.12, 8.0300e-13
562.26, 8.0430e-13
562.40, 8.0960e-13
562.54, 8.1060e-13
562.68, 8.1410e-13
562.82, 8.1660e-13
562.96, 8.1500e-13
563.10, 8.0860e-13
563.24, 7.9950e-13
563.38, 7.9920e-13
563.52, 8.0000e-13
563.66, 8.1170e-13
563.80, 8.1640e-13
563.94, 7.9450e-13
564.08, 8.0020e-13
564.22, 8.1140e-13
564.36, 8.0650e-13
564.50, 7.9990e-13
564.64, 7.9350e-13
564.78, 7.9120e-13
564.92, 7.9570e-13
565.06, 7.9240e-13
565.20, 7.9400e-13
565.34, 7.8070e-13
565.48, 7.6910e-13
565.62, 7.7070e-13
565.76, 7.6390e-13
565.90, 7.6290e-13
566.04, 7.6280e-13
566.18, 7.5920e-13
566.32, 7.6240e-13
566.46, 7.7110e-13
566.60, 7.7910e-13
566.74, 7.8910e-13
566.88, 7.8920e-13
567.02, 7.8440e-13
567.16, 7.8550e-13
567.30, 7.8620e-13
567.44, 7.8620e-13
567.58, 7.8650e-13
567.72, 7.8150e-13
567.86, 7.7780e-13
568.00, 7.7450e-13
568.14, 7.7240e-13
568.28, 7.7350e-13
568.42, 7.7370e-13
568.56, 7.7660e-13
568.70, 7.7410e-13
568.84, 7.8800e-13
568.98, 8.0340e-13
569.12, 7.9950e-13
569.26, 8.0040e-13
569.40, 7.9350e-13
569.54, 7.7410e-13
569.68, 7.6680e-13
569.82, 7.6640e-13
569.96, 7.6690e-13
570.10, 7.7470e-13
570.24, 7.7200e-13
570.38, 7.6190e-13
570.52, 7.5810e-13
570.66, 7.5760e-13
570.80, 7.6160e-13
570.94, 7.6210e-13
571.08, 7.6460e-13
571.22, 7.7240e-13
571.36, 7.6670e-13
571.50, 7.6280e-13
571.64, 7.5830e-13
571.78, 7.5260e-13
571.92, 7.4440e-13
572.06, 7.4690e-13
572.20, 7.6700e-13
572.34, 7.6720e-13
572.48, 7.6440e-13
572.62, 7.7410e-13
572.76, 7.6550e-13
572.90, 7.6790e-13
573.04, 7.7090e-13
573.18, 7.6910e-13
573.32, 7.7260e-13
573.46, 7.7510e-13
573.60, 7.6620e-13
573.74, 7.6380e-13
573.88, 7.6000e-13
574.02, 7.6630e-13
574.16, 7.6770e-13
574.30, 7.6070e-13
574.44, 7.5350e-13
574.58, 7.4590e-13
574.72, 7.4500e-13
574.86, 7.4760e-13
575.00, 7.4350e-13
575.14, 7.3980e-13
575.28, 7.3750e-13
575.42, 7.4090e-13
575.56, 7.4760e-13
575.70, 7.4510e-13
575.84, 7.4160e-13
575.98, 7.3940e-13
576.12, 7.3750e-13
576.26, 7.3680e-13
576.40, 7.3270e-13
576.54, 7.3140e-13
576.68, 7.3240e-13
576.82, 7.4060e-13
576.96, 7.5050e-13
577.10, 7.4690e-13
577.24, 7.3560e-13
577.38, 7.4560e-13
577.52, 7.4940e-13
577.66, 7.4460e-13
577.80, 7.4570e-13
577.94, 7.4060e-13
578.08, 7.4260e-13
578.22, 7.3780e-13
578.36, 7.3470e-13
578.50, 7.3990e-13
578.64, 7.3950e-13
578.78, 7.3450e-13
578.92, 7.2670e-13
579.06, 7.2780e-13
579.20, 7.3110e-13
579.34, 7.2110e-13
579.48, 7.2390e-13
579.62, 7.3370e-13
579.76, 7.4120e-13
579.90, 7.4850e-13
580.04, 7.3420e-13
580.18, 7.2380e-13
580.32, 7.2840e-13
580.46, 7.3430e-13
580.60, 7.3660e-13
580.74, 7.4150e-13
580.88, 7.3690e-13
581.02, 7.3550e-13
581.16, 7.3120e-13
581.30, 7.2500e-13
581.44, 7.2550e-13
581.58, 7.2900e-13
581.72, 7.2890e-13
581.86, 7.2840e-13
582.00, 7.3430e-13
582.14, 7.3650e-13
582.28, 7.3130e-13
582.42, 7.2790e-13
582.56, 7.2740e-13
582.70, 7.2550e-13
582.84, 7.2920e-13
582.98, 7.3230e-13
583.12, 7.2160e-13
583.26, 7.1790e-13
583.40, 7.1580e-13
583.54, 7.2330e-13
583.68, 7.2920e-13
583.82, 7.2940e-13
583.96, 7.2530e-13
584.10, 7.1960e-13
584.24, 7.1300e-13
584.38, 7.0290e-13
584.52, 6.9920e-13
584.66, 7.0370e-13
584.80, 7.0890e-13
584.94, 7.1480e-13
585.08, 7.1590e-13
585.22, 7.1600e-13
585.36, 6.9660e-13
585.50, 6.9590e-13
585.64, 7.0790e-13
585.78, 7.1180e-13
585.92, 7.0540e-13
586.06, 7.2070e-13
586.20, 7.1910e-13
586.34, 7.1710e-13
586.48, 7.2060e-13
586.62, 7.2880e-13
586.76, 7.3170e-13
586.90, 7.3010e-13
587.04, 7.2350e-13
587.18, 7.0620e-13
587.32, 7.1010e-13
587.46, 7.0370e-13
587.60, 6.8490e-13
587.74, 6.8720e-13
587.88, 6.9580e-13
588.02, 6.9030e-13
588.16, 6.7790e-13
588.30, 6.7380e-13
588.44, 6.8130e-13
588.58, 6.7970e-13
588.72, 6.6110e-13
588.86, 6.4940e-13
589.00, 6.5500e-13
589.14, 6.7170e-13
589.28, 6.7840e-13
589.42, 6.7770e-13
589.56, 6.9000e-13
589.70, 6.9510e-13
589.84, 6.8740e-13
589.98, 7.0330e-13
590.12, 7.0560e-13
590.26, 7.1100e-13
590.40, 7.1730e-13
590.54, 7.2240e-13
590.68, 7.1080e-13
590.82, 6.9790e-13
590.96, 6.9800e-13
591.10, 6.9580e-13
591.24, 6.9080e-13
591.38, 6.9660e-13
591.52, 6.9440e-13
591.66, 6.9410e-13
591.80, 6.8960e-13
591.94, 6.8980e-13
592.08, 6.9580e-13
592.22, 7.0400e-13
592.36, 6.8370e-13
592.50, 6.6450e-13
592.64, 6.6200e-13
592.78, 6.7880e-13
592.92, 6.8220e-13
593.06, 6.7950e-13
593.20, 6.8460e-13
593.34, 6.9630e-13
593.48, 7.0710e-13
593.62, 7.1840e-13
593.76, 6.9690e-13
593.90, 6.7340e-13
594.04, 6.7570e-13
594.18, 6.7380e-13
594.32, 6.7030e-13
594.46, 6.6450e-13
594.60, 6.6300e-13
594.74, 6.6560e-13
594.88, 6.5930e-13
595.02, 6.5910e-13
595.16, 6.7100e-13
595.30, 6.8120e-13
595.44, 6.8000e-13
595.58, 6.8110e-13
595.72, 6.7790e-13
595.86, 6.8010e-13
596.00, 6.9180e-13
596.14, 7.0890e-13
596.28, 6.9500e-13
596.42, 6.7990e-13
596.56, 6.7040e-13
596.70, 6.6470e-13
596.84, 6.6810e-13
596.98, 6.7280e-13
597.12, 6.7140e-13
597.26, 6.6860e-13
597.40, 6.6590e-13
597.54, 6.6760e-13
597.68, 6.5740e-13
597.82, 6.5420e-13
597.96, 6.6530e-13
598.10, 6.8220e-13
598.24, 6.9930e-13
598.38, 6.8180e-13
598.52, 6.7680e-13
598.66, 6.5960e-13
598.80, 6.5120e-13
598.94, 6.5610e-13
599.08, 6.5860e-13
599.22, 6.6210e-13
599.36, 6.6050e-13
599.50, 6.6750e-13
599.64, 6.7540e-13
599.78, 6.7570e-13
599.92, 6.7420e-13
600.06, 6.7350e-13
600.20, 6.7250e-13
600.34, 6.6840e-13
600.48, 6.6050e-13
600.62, 6.5390e-13
600.76, 6.5300e-13
600.90, 6.5050e-13
601.04, 6.5410e-13
601.18, 6.5970e-13
601.32, 6.5990e-13
601.46, 6.6460e-13
601.60, 6.7030e-13
601.74, 6.7240e-13
601.88, 6.6090e-13
602.02, 6.5340e-13
602.16, 6.4990e-13
602.30, 6.4360e-13
602.44, 6.4180e-13
602.58, 6.4160e-13
602.72, 6.3590e-13
602.86, 6.2580e-13
603.00, 6.2430e-13
603.14, 6.2850e-13
603.28, 6.2710e-13
603.42, 6.3840e-13
603.56, 6.3440e-13
603.70, 6.3910e-13
603.84, 6.4830e-13
603.98, 6.4610e-13
604.12, 6.4740e-13
604.26, 6.4210e-13
604.40, 6.5210e-13
604.54, 6.6950e-13
604.68, 6.7610e-13
604.82, 6.6840e-13
604.96, 6.4870e-13
605.10, 6.4180e-13
605.24, 6.3560e-13
605.38, 6.2900e-13
605.52, 6.2230e-13
605.66, 6.2210e-13
605.80, 6.3470e-13
605.94, 6.4200e-13
606.08, 6.3620e-13
606.22, 6.3900e-13
606.36, 6.4100e-13
606.50, 6.3220e-13
606.64, 6.2650e-13
606.78, 6.3740e-13
606.92, 6.4400e-13
607.06, 6.3460e-13
607.20, 6.3150e-13
607.34, 6.3870e-13
607.48, 6.3670e-13
607.62, 6.2140e-13
607.76, 6.2100e-13
607.90, 6.1980e-13
608.04, 6.1740e-13
608.18, 6.1480e-13
608.32, 6.0410e-13
608.46, 5.9580e-13
608.60, 6.0390e-13
608.74, 6.1160e-13
608.88, 6.1190e-13
609.02, 6.1690e-13
609.16, 6.3180e-13
609.30, 6.3340e-13
609.44, 6.2010e-13
609.58, 6.1640e-13
609.72, 6.2590e-13
609.86, 6.2720e-13
610.00, 6.1700e-13
610.14, 6.1880e-13
610.28, 6.2530e-13
610.42, 6.2160e-13
610.56, 6.1820e-13
610.70, 6.2460e-13
610.84, 6.3370e-13
610.98, 6.2740e-13
611.12, 6.1800e-13
611.26, 6.2750e-13
611.40, 6.3580e-13
611.54, 6.2890e-13
611.68, 6.1840e-13
611.82, 6.1860e-13
611.96, 6.2440e-13
612.10, 6.2900e-13
612.24, 6.2620e-13
612.38, 6.1270e-13
612.52, 5.9790e-13
612.66, 5.9960e-13
612.80, 6.1570e-13
612.94, 6.0560e-13
613.08, 6.0370e-13
613.22, 6.0540e-13
613.36, 5.9380e-13
613.50, 5.7280e-13
613.64, 5.6400e-13
613.78, 5.7820e-13
613.92, 6.0240e-13
614.06, 6.0450e-13
614.20, 5.9640e-13
614.34, 6.0690e-13
614.48, 6.1360e-13
614.62, 6.1170e-13
614.76, 6.0480e-13
614.90, 6.0310e-13
615.04, 6.0840e-13
615.18, 6.0950e-13
615.32, 6.0490e-13
615.46, 6.0710e-13
615.60, 6.0240e-13
615.74, 5.9410e-13
615.88, 5.9390e-13
616.02, 5.9340e-13
616.16, 5.9890e-13
616.30, 6.0300e-13
616.44, 5.9870e-13
616.58, 5.9440e-13
616.72, 5.8680e-13
616.86, 5.8210e-13
617.00, 5.7500e-13
617.14, 5.7110e-13
617.28, 5.8430e-13
617.42, 6.0550e-13
617.56, 6.1500e-13
617.70, 6.0840e-13
617.84, 5.9830e-13
617.98, 5.9200e-13
618.12, 5.8980e-13
618.26, 5.9790e-13
618.40, 6.0870e-13
618.54, 6.0490e-13
618.68, 5.9280e-13
618.82, 5.9060e-13
618.96, 5.9590e-13
619.10, 5.8870e-13
619.24, 5.7770e-13
619.38, 5.9600e-13
619.52, 6.1750e-13
619.66, 6.1860e-13
619.80, 6.0780e-13
619.94, 5.9870e-13
620.08, 5.9530e-13
620.22, 5.9080e-13
620.36, 5.9120e-13
620.50, 5.8750e-13
620.64, 5.7690e-13
620.78, 5.7990e-13
620.92, 5.9650e-13
621.06, 6.0050e-13
621.20, 5.9090e-13
621.34, 5.7880e-13
621.48, 5.6430e-13
621.62, 5.5980e-13
621.76, 5.6900e-13
621.90, 5.7710e-13
622.04, 5.8100e-13
622.18, 5.9110e-13
622.32, 5.9340e-13
622.46, 5.8750e-13
622.60, 5.8780e-13
622.74, 5.8390e-13
622.88, 5.6260e-13
623.02, 5.5430e-13
623.16, 5.4670e-13
623.30, 5.5130e-13
623.44, 5.6770e-13
623.58, 5.7880e-13
623.72, 5.7240e-13
623.86, 5.6200e-13
624.00, 5.6720e-13
624.14, 5.7730e-13
624.28, 5.8160e-13
624.42, 5.8400e-13
624.56, 5.8490e-13
624.70, 5.7440e-13
624.84, 5.6370e-13
624.98, 5.6300e-13
625.12, 5.6750e-13
625.26, 5.7170e-13
625.40, 5.7690e-13
625.54, 5.8360e-13
625.68, 5.8190e-13
625.82, 5.8060e-13
625.96, 5.7670e-13
626.10, 5.5950e-13
626.24, 5.4720e-13
626.38, 5.5720e-13
626.52, 5.6940e-13
626.66, 5.7180e-13
626.80, 5.7780e-13
626.94, 5.7730e-13
627.08, 5.6530e-13
627.22, 5.5250e-13
627.36, 5.4950e-13
627.50, 5.5510e-13
627.64, 5.6160e-13
627.78, 5.5780e-13
627.92, 5.4690e-13
628.06, 5.4370e-13
628.20, 5.5040e-13
628.34, 5.5410e-13
628.48, 5.5500e-13
628.62, 5.5040e-13
628.76, 5.4840e-13
628.90, 5.5670e-13
629.04, 5.6420e-13
629.18, 5.5930e-13
629.32, 5.6110e-13
629.46, 5.7880e-13
629.60, 5.8570e-13
629.74, 5.7390e-13
629.88, 5.6560e-13
630.02, 5.7280e-13
630.16, 5.6790e-13
630.30, 5.5220e-13
630.44, 5.4730e-13
630.58, 5.5270e-13
630.72, 5.5490e-13
630.86, 5.5580e-13
631.00, 5.5290e-13
631.14, 5.4200e-13
631.28, 5.3670e-13
631.42, 5.4110e-13
631.56, 5.4180e-13
631.70, 5.3690e-13
631.84, 5.3180e-13
631.98, 5.3310e-13
632.12, 5.4250e-13
632.26, 5.4790e-13
632.40, 5.5560e-13
632.54, 5.6510e-13
632.68, 5.6670e-13
632.82, 5.5840e-13
632.96, 5.5070e-13
633.10, 5.4220e-13
633.24, 5.3930e-13
633.38, 5.5010e-13
633.52, 5.6430e-13
633.66, 5.5790e-13
633.80, 5.6150e-13
633.94, 5.6210e-13
634.08, 5.5920e-13
634.22, 5.6250e-13
634.36, 5.5640e-13
634.50, 5.4080e-13
634.64, 5.2640e-13
634.78, 5.2340e-13
634.92, 5.2730e-13
635.06, 5.3360e-13
635.20, 5.5020e-13
635.34, 5.4800e-13
635.48, 5.3650e-13
635.62, 5.3840e-13
635.76, 5.4870e-13
635.90, 5.5340e-13
636.04, 5.5100e-13
636.18, 5.5220e-13
636.32, 5.5300e-13
636.46, 5.4140e-13
636.60, 5.2510e-13
636.74, 5.1840e-13
636.88, 5.2050e-13
637.02, 5.2940e-13
637.16, 5.4480e-13
637.30, 5.5410e-13
637.44, 5.5120e-13
637.58, 5.4390e-13
637.72, 5.4060e-13
637.86, 5.3500e-13
638.00, 5.3150e-13
638.14, 5.3890e-13
638.28, 5.4210e-13
638.42, 5.2540e-13
638.56, 5.2100e-13
638.70, 5.2000e-13
638.84, 5.2360e-13
638.98, 5.3440e-13
639.12, 5.3650e-13
639.26, 5.2030e-13
639.40, 5.0450e-13
639.54, 5.1610e-13
639.68, 5.4270e-13
639.82, 5.4610e-13
639.96, 5.3500e-13
640.10, 5.3360e-13
640.24, 5.2980e-13
640.38, 5.2310e-13
640.52, 5.2780e-13
640.66, 5.2310e-13
640.80, 5.0870e-13
640.94, 5.0430e-13
641.08, 5.1160e-13
641.22, 5.1760e-13
641.36, 5.1790e-13
641.50, 5.2440e-13
641.64, 5.3280e-13
641.78, 5.2640e-13
641.92, 5.1360e-13
642.06, 5.1590e-13
642.20, 5.2480e-13
642.34, 5.2440e-13
642.48, 5.2640e-13
642.62, 5.3400e-13
642.76, 5.3940e-13
642.90, 5.3970e-13
643.04, 5.3970e-13
643.18, 5.3630e-13
643.32, 5.2840e-13
643.46, 5.2570e-13
643.60, 5.3960e-13
643.74, 5.5380e-13
643.88, 5.4620e-13
644.02, 5.3390e-13
644.16, 5.3290e-13
644.30, 5.3610e-13
644.44, 5.3330e-13
644.58, 5.3500e-13
644.72, 5.2750e-13
644.86, 5.2010e-13
645.00, 5.3400e-13
645.14, 5.3950e-13
645.28, 5.3100e-13
645.42, 5.2230e-13
645.56, 5.1830e-13
645.70, 5.1280e-13
645.84, 5.1470e-13
645.98, 5.2200e-13
646.12, 5.1960e-13
646.26, 5.0870e-13
646.40, 5.1050e-13
646.54, 5.2470e-13
646.68, 5.3260e-13
646.82, 5.2930e-13
646.96, 5.2300e-13
647.10, 5.2400e-13
647.24, 5.2170e-13
647.38, 5.1400e-13
647.52, 5.1470e-13
647.66, 5.1220e-13
647.80, 5.0650e-13
647.94, 5.0170e-13
648.08, 4.9910e-13
648.22, 5.0570e-13
648.36, 5.1090e-13
648.50, 5.0850e-13
648.64, 5.0660e-13
648.78, 5.0220e-13
648.92, 4.9900e-13
649.06, 4.9920e-13
649.20, 5.0110e-13
649.34, 4.9710e-13
649.48, 4.8650e-13
649.62, 4.7710e-13
649.76, 4.7920e-13
649.90, 4.9130e-13
650.04, 5.0190e-13
650.18, 5.0940e-13
650.32, 5.1120e-13
650.46, 5.0760e-13
650.60, 5.0940e-13
650.74, 5.1540e-13
650.88, 5.1080e-13
651.02, 5.0180e-13
651.16, 4.9840e-13
651.30, 4.9470e-13
651.44, 4.8960e-13
651.58, 4.9300e-13
651.72, 4.9700e-13
651.86, 4.8990e-13
652.00, 4.8960e-13
652.14, 4.9090e-13
652.28, 4.8160e-13
652.42, 4.7450e-13
652.56, 4.6760e-13
652.70, 4.6460e-13
652.84, 4.7090e-13
652.98, 4.7250e-13
653.12, 4.6920e-13
653.26, 4.7160e-13
653.40, 4.7600e-13
653.54, 4.6780e-13
653.68, 4.6100e-13
653.82, 4.5080e-13
653.96, 4.4050e-13
654.10, 4.4240e-13
654.24, 4.3760e-13
654.38, 4.2920e-13
654.52, 4.2480e-13
654.66, 4.2530e-13
654.80, 4.2180e-13
654.94, 4.1300e-13
655.08, 3.9910e-13
655.22, 3.8590e-13
655.36, 3.8020e-13
655.50, 3.7800e-13
655.64, 3.6880e-13
655.78, 3.4830e-13
655.92, 3.2310e-13
656.06, 2.9170e-13
656.20, 2.6240e-13
656.34, 2.5180e-13
656.48, 2.7070e-13
656.62, 3.0740e-13
656.76, 3.4170e-13
656.90, 3.6210e-13
657.04, 3.7050e-13
657.18, 3.7800e-13
657.32, 3.8670e-13
657.46, 3.8930e-13
657.60, 3.9280e-13
657.74, 4.0710e-13
657.88, 4.1460e-13
658.02, 4.1180e-13
658.16, 4.2070e-13
658.30, 4.2980e-13
658.44, 4.3520e-13
658.58, 4.4080e-13
658.72, 4.4800e-13
658.86, 4.5130e-13
659.00, 4.5640e-13
659.14, 4.6190e-13
659.28, 4.5900e-13
659.42, 4.5640e-13
659.56, 4.6050e-13
659.70, 4.6760e-13
659.84, 4.6950e-13
659.98, 4.6870e-13
660.12, 4.5820e-13
660.26, 4.5160e-13
660.40, 4.6110e-13
660.54, 4.7040e-13
660.68, 4.7720e-13
660.82, 4.7630e-13
660.96, 4.6760e-13
661.10, 4.6260e-13
661.24, 4.6890e-13
661.38, 4.8280e-13
661.52, 4.8890e-13
661.66, 4.7560e-13
661.80, 4.5930e-13
661.94, 4.5930e-13
662.08, 4.7070e-13
662.22, 4.7550e-13
662.36, 4.7110e-13
662.50, 4.6520e-13
662.64, 4.6770e-13
662.78, 4.8250e-13
662.92, 4.9310e-13
663.06, 4.9220e-13
663.20, 4.8480e-13
663.34, 4.7470e-13
663.48, 4.7920e-13
663.62, 4.9340e-13
663.76, 4.9720e-13
663.90, 4.9430e-13
664.04, 4.8480e-13
664.18, 4.7600e-13
664.32, 4.7590e-13
664.46, 4.8020e-13
664.60, 4.8820e-13
664.74, 4.9320e-13
664.88, 4.8750e-13
665.02, 4.8540e-13
665.16, 4.8230e-13
665.30, 4.8010e-13
665.44, 4.8370e-13
665.58, 4.8860e-13
665.72, 4.7670e-13
665.86, 4.6400e-13
666.00, 4.7080e-13
666.14, 4.7090e-13
666.28, 4.7330e-13
666.42, 4.7340e-13
666.56, 4.6250e-13
666.70, 4.5770e-13
666.84, 4.6930e-13
666.98, 4.7580e-13
667.12, 4.6880e-13
667.26, 4.6860e-13
667.40, 4.6490e-13
667.54, 4.5320e-13
667.68, 4.5060e-13
667.82, 4.5290e-13
667.96, 4.5610e-13
668.10, 4.6020e-13
668.24, 4.6360e-13
668.38, 4.7540e-13
668.52, 4.9010e-13
668.66, 4.8980e-13
668.80, 4.8140e-13
668.94, 4.7520e-13
669.08, 4.7290e-13
669.22, 4.7490e-13
669.36, 4.8400e-13
669.50, 4.8940e-13
669.64, 4.8220e-13
669.78, 4.7070e-13
669.92, 4.6990e-13
670.06, 4.7770e-13
670.20, 4.8440e-13
670.34, 4.8270e-13
670.48, 4.7720e-13
670.62, 4.7150e-13
670.76, 4.6550e-13
670.90, 4.5820e-13
671.04, 4.5590e-13
671.18, 4.6080e-13
671.32, 4.6300e-13
671.46, 4.5980e-13
671.60, 4.5930e-13
671.74, 4.6020e-13
671.88, 4.6150e-13
672.02, 4.6450e-13
672.16, 4.7400e-13
672.30, 4.7660e-13
672.44, 4.6980e-13
672.58, 4.6690e-13
672.72, 4.6390e-13
672.86, 4.5500e-13
673.00, 4.4910e-13
673.14, 4.5300e-13
673.28, 4.6100e-13
673.42, 4.5940e-13
673.56, 4.5410e-13
673.70, 4.5830e-13
673.84, 4.5550e-13
673.98, 4.5280e-13
674.12, 4.6100e-13
674.26, 4.6260e-13
674.40, 4.6280e-13
674.54, 4.6480e-13
674.68, 4.6600e-13
674.82, 4.5910e-13
674.96, 4.5740e-13
675.10, 4.5530e-13
675.24, 4.4600e-13
675.38, 4.5100e-13
675.52, 4.5290e-13
675.66, 4.4780e-13
675.80, 4.4120e-13
675.94, 4.4610e-13
676.08, 4.5420e-13
676.22, 4.6110e-13
676.36, 4.6510e-13
676.50, 4.6380e-13
676.64, 4.6150e-13
676.78, 4.5610e-13
676.92, 4.4910e-13
677.06, 4.5000e-13
677.20, 4.6140e-13
677.34, 4.7020e-13
677.48, 4.6620e-13
677.62, 4.5710e-13
677.76, 4.6460e-13
677.90, 4.7410e-13
678.04, 4.6340e-13
678.18, 4.4640e-13
678.32, 4.3850e-13
678.46, 4.4380e-13
678.60, 4.5930e-13
678.74, 4.7430e-13
678.88, 4.7840e-13
679.02, 4.7030e-13
679.16, 4.5790e-13
679.30, 4.4620e-13
679.44, 4.4540e-13
679.58, 4.5630e-13
679.72, 4.5870e-13
679.86, 4.5200e-13
680.00, 4.4850e-13
680.14, 4.5270e-13
680.28, 4.4720e-13
680.42, 4.4680e-13
680.56, 4.5520e-13
680.70, 4.6070e-13
680.84, 4.5580e-13
680.98, 4.5550e-13
681.12, 4.5740e-13
681.26, 4.5850e-13
681.40, 4.5090e-13
681.54, 4.5590e-13
681.68, 4.6000e-13
681.82, 4.4710e-13
681.96, 4.3620e-13
682.10, 4.3680e-13
682.24, 4.4300e-13
682.38, 4.4630e-13
682.52, 4.4680e-13
682.66, 4.4990e-13
682.80, 4.4640e-13
682.94, 4.3860e-13
683.08, 4.4270e-13
683.22, 4.5180e-13
683.36, 4.5500e-13
683.50, 4.5700e-13
683.64, 4.5920e-13
683.78, 4.5980e-13
683.92, 4.5700e-13
684.06, 4.5050e-13
684.20, 4.4190e-13
684.34, 4.3380e-13
684.48, 4.3380e-13
684.62, 4.4590e-13
684.76, 4.5190e-13
684.90, 4.4810e-13
685.04, 4.4500e-13
685.18, 4.5130e-13
685.32, 4.5700e-13
685.46, 4.5690e-13
685.60, 4.5150e-13
685.74, 4.4260e-13
685.88, 4.3760e-13
686.02, 4.3470e-13
686.16, 4.3240e-13
686.30, 4.3060e-13
686.44, 4.2620e-13
686.58, 4.1860e-13
686.72, 3.9460e-13
686.86, 3.5090e-13
687.00, 3.2120e-13
687.14, 3.1340e-13
687.28, 3.1550e-13
687.42, 3.1980e-13
687.56, 3.3740e-13
687.70, 3.5870e-13
687.84, 3.7190e-13
687.98, 3.8400e-13
688.12, 4.0350e-13
688.26, 4.1720e-13
688.40, 4.1650e-13
688.54, 4.0560e-13
688.68, 3.8200e-13
688.82, 3.6740e-13
688.96, 3.7600e-13
689.10, 3.8610e-13
689.24, 3.8990e-13
689.38, 3.8830e-13
689.52, 3.8770e-13
689.66, 3.9300e-13
689.80, 4.0380e-13
689.94, 4.0940e-13
690.08, 4.0950e-13
690.22, 4.1740e-13
690.36, 4.1470e-13
690.50, 4.0360e-13
690.64, 3.9560e-13
690.78, 3.9300e-13
690.92, 3.9170e-13
691.06, 4.0400e-13
691.20, 4.2580e-13
691.34, 4.2790e-13
691.48, 4.2400e-13
691.62, 4.2590e-13
691.76, 4.2780e-13
691.90, 4.2040e-13
692.04, 4.1510e-13
692.18, 4.1940e-13
692.32, 4.2600e-13
692.46, 4.2640e-13
692.60, 4.2510e-13
692.74, 4.2680e-13
692.88, 4.2370e-13
693.02, 4.1810e-13
693.16, 4.2380e-13
693.30, 4.2800e-13
693.44, 4.2980e-13
693.58, 4.3870e-13
693.72, 4.4520e-13
693.86, 4.4230e-13
694.00, 4.3210e-13
694.14, 4.2560e-13
694.28, 4.2780e-13
694.42, 4.3050e-13
694.56, 4.3190e-13
694.70, 4.3460e-13
694.84, 4.2990e-13
694.98, 4.2470e-13
695.12, 4.2260e-13
695.26, 4.1910e-13
695.40, 4.1690e-13
695.54, 4.1640e-13
695.68, 4.1660e-13
695.82, 4.1400e-13
695.96, 4.0880e-13
696.10, 4.1720e-13
696.24, 4.3310e-13
696.38, 4.4170e-13
696.52, 4.3850e-13
696.66, 4.3470e-13
696.80, 4.3030e-13
696.94, 4.2440e-13
697.08, 4.2170e-13
697.22, 4.2340e-13
697.36, 4.2490e-13
697.50, 4.2280e-13
697.64, 4.1770e-13
697.78, 4.1460e-13
697.92, 4.2180e-13
698.06, 4.3570e-13
698.20, 4.4660e-13
698.34, 4.4740e-13
698.48, 4.3680e-13
698.62, 4.2650e-13
698.76, 4.2930e-13
698.90, 4.3650e-13
699.04, 4.2840e-13
699.18, 4.1780e-13
699.32, 4.2330e-13
699.46, 4.3560e-13
699.60, 4.4790e-13
699.74, 4.4620e-13
699.88, 4.3040e-13
700.02, 4.2120e-13
700.16, 4.2570e-13
700.30, 4.3060e-13
700.44, 4.3000e-13
700.58, 4.3140e-13
700.72, 4.3320e-13
700.86, 4.3530e-13
701.00, 4.2830e-13
701.14, 4.1430e-13
701.28, 4.1640e-13
701.42, 4.1920e-13
701.56, 4.1630e-13
701.70, 4.2180e-13
701.84, 4.3960e-13
701.98, 4.3410e-13
702.12, 4.1900e-13
702.26, 4.0690e-13
702.40, 4.0260e-13
702.54, 4.0490e-13
702.68, 4.0780e-13
702.82, 4.1940e-13
702.96, 4.2950e-13
703.10, 4.2770e-13
703.24, 4.2930e-13
703.38, 4.2330e-13
703.52, 4.1510e-13
703.66, 4.1740e-13
703.80, 4.2150e-13
703.94, 4.2730e-13
704.08, 4.2850e-13
704.22, 4.2040e-13
704.36, 4.1670e-13
704.50, 4.2570e-13
704.64, 4.3800e-13
704.78, 4.4240e-13
704.92, 4.3890e-13
705.06, 4.2660e-13
705.20, 4.1940e-13
705.34, 4.2320e-13
705.48, 4.2600e-13
705.62, 4.1910e-13
705.76, 4.0600e-13
705.90, 4.0370e-13
706.04, 4.1410e-13
706.18, 4.1950e-13
706.32, 4.2650e-13
706.46, 4.2390e-13
706.60, 4.1850e-13
706.74, 4.1630e-13
706.88, 4.0260e-13
707.02, 3.9950e-13
707.16, 4.0150e-13
707.30, 4.0770e-13
707.44, 4.1960e-13
707.58, 4.1960e-13
707.72, 4.1310e-13
707.86, 4.1280e-13
708.00, 4.1280e-13
708.14, 4.0470e-13
708.28, 3.9940e-13
708.42, 4.0680e-13
708.56, 4.1380e-13
708.70, 4.1510e-13
708.84, 4.2110e-13
708.98, 4.2560e-13
709.12, 4.2970e-13
709.26, 4.2870e-13
709.40, 4.1220e-13
709.54, 3.9880e-13
709.68, 4.0200e-13
709.82, 4.1710e-13
709.96, 4.2930e-13
710.10, 4.2870e-13
710.24, 4.2880e-13
710.38, 4.3360e-13
710.52, 4.3130e-13
710.66, 4.1770e-13
710.80, 4.0910e-13
710.94, 4.0700e-13
711.08, 4.1080e-13
711.22, 4.1760e-13
711.36, 4.1270e-13
711.50, 4.1460e-13
711.64, 4.1840e-13
711.78, 4.1360e-13
711.92, 4.0420e-13
712.06, 4.1220e-13
712.20, 4.1330e-13
712.34, 4.1120e-13
712.48, 4.2320e-13
712.62, 4.4090e-13
712.76, 4.3100e-13
712.90, 4.2910e-13
713.04, 4.1560e-13
713.18, 3.9700e-13
713.32, 4.0240e-13
713.46, 4.1050e-13
713.60, 4.1940e-13
713.74, 4.2580e-13
713.88, 4.2530e-13
714.02, 4.2430e-13
714.16, 4.1660e-13
714.30, 4.0360e-13
714.44, 3.9230e-13
714.58, 3.9450e-13
714.72, 4.1000e-13
714.86, 4.1370e-13
715.00, 4.1090e-13
715.14, 4.1380e-13
715.28, 4.1510e-13
715.42, 4.2290e-13
715.56, 4.2430e-13
715.70, 4.1990e-13
715.84, 4.2030e-13
715.98, 4.1760e-13
716.12, 3.9570e-13
716.26, 3.8450e-13
716.40, 3.9170e-13
716.54, 3.9530e-13
716.68, 3.8770e-13
716.82, 3.9500e-13
716.96, 3.9830e-13
717.10, 3.9170e-13
717.24, 3.8210e-13
717.38, 3.7880e-13
717.52, 3.9050e-13
717.66, 3.8550e-13
717.80, 3.8370e-13
717.94, 3.8370e-13
718.08, 3.6610e-13
718.22, 3.6010e-13
718.36, 3.6800e-13
718.50, 3.6220e-13
718.64, 3.4830e-13
718.78, 3.5250e-13
718.92, 3.6950e-13
719.06, 3.6300e-13
719.20, 3.5490e-13
719.34, 3.6240e-13
719.48, 3.7330e-13
719.62, 3.8950e-13
719.76, 3.9160e-13
719.90, 3.7340e-13
720.04, 3.6180e-13
720.18, 3.6490e-13
720.32, 3.7070e-13
720.46, 3.6940e-13
720.60, 3.6800e-13
720.74, 3.8170e-13
720.88, 3.9860e-13
721.02, 3.9240e-13
721.16, 3.8900e-13
721.30, 3.9840e-13
721.44, 3.9580e-13
721.58, 3.8990e-13
721.72, 4.0490e-13
721.86, 4.1620e-13
722.00, 4.1000e-13
722.14, 3.9410e-13
722.28, 3.8810e-13
722.42, 3.8640e-13
722.56, 3.9410e-13
722.70, 3.9940e-13
722.84, 3.9680e-13
722.98, 3.9930e-13
723.12, 3.9510e-13
723.26, 3.7980e-13
723.40, 3.6840e-13
723.54, 3.7100e-13
723.68, 3.8570e-13
723.82, 3.9550e-13
723.96, 3.8390e-13
724.10, 3.8100e-13
724.24, 3.9470e-13
724.38, 3.9470e-13
724.52, 3.7660e-13
724.66, 3.6660e-13
724.80, 3.7290e-13
724.94, 3.8150e-13
725.08, 3.8230e-13
725.22, 3.7460e-13
725.36, 3.6920e-13
725.50, 3.7650e-13
725.64, 3.9630e-13
725.78, 4.0970e-13
725.92, 3.9960e-13
726.06, 3.8920e-13
726.20, 3.8840e-13
726.34, 3.8450e-13
726.48, 3.8490e-13
726.62, 3.9020e-13
726.76, 3.9270e-13
726.90, 3.8760e-13
727.04, 3.8160e-13
727.18, 3.8120e-13
727.32, 3.8190e-13
727.46, 3.8410e-13
727.60, 3.7490e-13
727.74, 3.6510e-13
727.88, 3.6980e-13
728.02, 3.7210e-13
728.16, 3.8390e-13
728.30, 3.9600e-13
728.44, 3.9250e-13
728.58, 3.8050e-13
728.72, 3.8410e-13
728.86, 3.8610e-13
729.00, 3.6290e-13
729.14, 3.5120e-13
729.28, 3.5960e-13
729.42, 3.6370e-13
729.56, 3.8270e-13
729.70, 3.9010e-13
729.84, 3.6650e-13
729.98, 3.5390e-13
730.12, 3.6030e-13
730.26, 3.6920e-13
730.40, 3.6770e-13
730.54, 3.6740e-13
730.68, 3.8240e-13
730.82, 3.8390e-13
730.96, 3.7510e-13
731.10, 3.7270e-13
731.24, 3.7400e-13
731.38, 3.7510e-13
731.52, 3.7870e-13
731.66, 3.7540e-13
731.80, 3.6690e-13
731.94, 3.5750e-13
732.08, 3.4930e-13
732.22, 3.6540e-13
732.36, 3.7160e-13
732.50, 3.6790e-13
732.64, 3.7020e-13
732.78, 3.7400e-13
732.92, 3.7600e-13
733.06, 3.7480e-13
733.20, 3.7880e-13
733.34, 3.8440e-13
733.48, 3.8710e-13
733.62, 3.8400e-13
733.76, 3.7350e-13
733.90, 3.7470e-13
734.04, 3.6800e-13
734.18, 3.5550e-13
734.32, 3.6570e-13
734.46, 3.6990e-13
734.60, 3.6540e-13
734.74, 3.6710e-13
734.88, 3.7450e-13
735.02, 3.8680e-13
735.16, 3.8440e-13
735.30, 3.7030e-13
735.44, 3.6750e-13
735.58, 3.6850e-13
735.72, 3.6310e-13
735.86, 3.6330e-13
736.00, 3.7570e-13
736.14, 3.8050e-13
736.28, 3.7460e-13
736.42, 3.7300e-13
736.56, 3.7100e-13
736.70, 3.6620e-13
736.84, 3.6830e-13
736.98, 3.5470e-13
737.12, 3.5010e-13
737.26, 3.5670e-13
737.40, 3.5910e-13
737.54, 3.6030e-13
737.68, 3.5800e-13
737.82, 3.5540e-13
737.96, 3.5500e-13
738.10, 3.5840e-13
738.24, 3.5380e-13
738.38, 3.4580e-13
738.52, 3.4340e-13
738.66, 3.5030e-13
738.80, 3.5410e-13
738.94, 3.4030e-13
739.08, 3.3530e-13
739.22, 3.4740e-13
739.36, 3.6240e-13
739.50, 3.7000e-13
739.64, 3.6360e-13
739.78, 3.5840e-13
739.92, 3.5870e-13
740.06, 3.6120e-13
740.20, 3.7140e-13
740.34, 3.7510e-13
740.48, 3.6150e-13
740.62, 3.4930e-13
740.76, 3.5190e-13
740.90, 3.5980e-13
741.04, 3.5740e-13
741.18, 3.4310e-13
741.32, 3.3230e-13
741.46, 3.3060e-13
741.60, 3.3910e-13
741.74, 3.4820e-13
741.88, 3.5000e-13
742.02, 3.4340e-13
742.16, 3.4250e-13
742.30, 3.4120e-13
742.44, 3.3520e-13
742.58, 3.3930e-13
742.72, 3.4830e-13
